quarter,gross_SR,net_SR,gross_PnL,net_PnL,net_CR,av_daily_ntrans,stat
2023_Q1,4.2443836261442485,2.204763838733509,9041.670000000016,4529.670000000017,23.566407452041666,2.1123595505617976,2.5752999402144976
2023_Q3,1.8779607301742163,-0.01577962449169325,3904.100000000135,-31.89999999986503,-0.4179124148833916,1.8426966292134832,-0.0
2023_Q4,3.4410801319305753,1.1819081721514682,5603.340000000235,1907.3400000002348,5.901177508538923,1.7303370786516854,0.44031465391894425
2024_Q2,-0.43205172459489966,-2.2085092488770695,-843.5399999996025,-4299.5399999996025,-2.4483956296425347,1.6179775280898876,-3.9503825165321573
2024_Q4,1.0724992939268356,-0.5785871665450781,2307.469999999721,-1244.530000000279,-0.787884764933995,1.608695652173913,-0.2359495159417164
2025_Q1,1.1723930727929663,0.17476283625098765,3826.559999999772,562.5599999997721,-0.12711212908720704,1.5280898876404494,-0.0
2025_Q2,2.9843114832429696,1.7214526490841071,8363.070000000616,4715.070000000616,9.912736698853521,1.6703296703296704,1.8941845054559767
